Fecha;Día de la semana;Casos;test coresp;Nº de pacientes a los que se ha realizado pruebas;Tasa de positividad (%);Asintomáticos;Zaragoza;1 a 14 años;15 a 24 años;25 a 34 años;35 a 44 años;45 a 54 años;55 a 64 años;65 a 74 años;75 años o más;Camas Ocup;Camas libres;UCI ocupadas;UCI libres con resp;Alarma
12/9/21;7;31;816;864;3,80;45;25;7;2;2;5;5;2;2;4;180;1502;36;104;1
11/9/21;6;60;1295;701;4,63;57;50;13;4;8;9;11;5;3;6;175;1535;36;97;1
10/9/21;5;116;1909;1366;6,08;21;80;34;14;9;23;15;7;7;6;172;1534;38;96;1
9/9/21;4;137;1732;1828;7,91;56;100;20;13;14;24;20;15;7;19;188;1369;40;90;1
8/9/21;3;121;1966;2053;6,15;66;85;23;17;9;12;19;16;5;14;185;1319;40;86;1
7/9/21;2;173;2392;2272;7,23;54;127;37;25;15;28;20;13;8;15;189;1401;40;92;1
6/9/21;1;127;1934;2317;6,57;50;80;22;8;14;25;22;10;5;17;200;1432;40;98;1
5/9/21;7;82;994;1010;8,25;67;48;6;4;7;10;9;5;3;28;198;1575;41;100;1
4/9/21;6;150;1463;1070;10,25;67;94;19;11;17;17;15;9;13;45;192;1669;42;98;1
3/9/21;5;153;1927;2151;7,94;45;105;28;14;10;22;30;11;6;22;186;1634;41;95;1
2/9/21;4;189;2169;2189;8,71;53;134;38;29;9;29;17;17;13;29;194;1462;42;89;1
1/9/21;3;201;2071;1567;9,71;48;147;40;20;27;35;23;22;7;18;208;1445;45;87;1
31/8/21;2;219;2237;2207;9,79;51;145;52;32;18;24;24;12;14;30;208;1499;48;89;1
30/8/21;1;148;2116;2120;6,99;43;53;11;10;14;10;17;11;5;4;214;1499;48;92;1
29/8/21;7;69;909;929;7,59;58;45;10;9;5;12;8;6;2;6;216;1548;50;100;1
28/8/21;6;125;1372;539;9,11;38;68;24;7;10;15;17;15;4;7;207;1645;49;89;1
27/8/21;5;256;2414;2083;10,60;34;135;42;27;26;20;30;13;8;14;205;1659;49;90;1
26/8/21;4;217;2289;2268;9,48;56;137;54;25;28;29;26;13;8;24;221;1522;49;90;1
25/8/21;3;257;2444;2369;10,52;63;180;59;27;32;43;21;26;19;18;231;1513;46;92;1
24/8/21;2;342;2687;2471;12,73;54;219;77;51;36;42;43;22;16;39;248;1470;47;90;1
23/8/21;1;204;2108;2485;9,68;61;102;29;29;26;19;26;18;16;14;261;1419;48;94;1
22/8/21;7;109;871;906;12,51;50;64;15;9;19;16;12;10;11;7;277;1492;53;92;1
21/8/21;6;209;2104;1093;9,93;49;135;51;24;23;26;28;15;5;20;265;1616;53;86;1
20/8/21;5;228;2256;2418;10,11;44;141;50;47;27;16;25;13;16;20;250;1620;54;84;1
19/8/21;4;410;2897;2346;14,15;58;264;78;73;59;47;59;31;21;20;270;1472;54;81;1
18/8/21;3;397;2970;2498;13,37;49;282;92;77;43;52;47;28;13;19;286;1450;52;90;1
17/8/21;2;254;2634;2705;9,64;56;144;38;42;32;37;34;28;12;14;312;1459;54;89;1
16/8/21;1;82;1004;782;8,17;46;45;14;16;7;15;5;10;2;12;325;1563;55;91;1
15/8/21;7;160;1222;1021;13,09;66;85;34;27;8;18;21;11;9;12;311;1608;54;89;1
14/8/21;6;261;1540;1251;16,95;55;197;61;34;31;28;21;16;13;18;299;1610;50;92;1
13/8/21;5;330;2272;2474;14,52;49;224;80;53;46;42;30;23;17;23;290;1644;52;93;1
12/8/21;4;386;2935;2622;13,15;50;253;74;78;59;39;31;31;29;20;316;1489;48;94;1
11/8/21;3;418;3125;2241;13,38;54;309;86;73;65;63;36;43;18;26;313;1492;50;92;1
10/8/21;2;409;3056;2650;13,38;44;304;92;66;58;45;53;37;16;20;327;1468;49;88;1
9/8/21;1;347;2613;3365;13,28;51;202;71;40;45;43;29;27;17;38;336;1472;47;87;1
8/8/21;7;188;1514;1130;12,42;57;111;38;35;29;23;13;12;7;23;363;1506;50;94;1
7/8/21;6;329;2412;1336;13,64;49;234;62;44;40;41;35;40;30;22;341;1582;47;91;1
6/8/21;5;523;3421;3314;15,29;45;331;110;91;64;64;54;28;38;29;324;1568;44;91;1
5/8/21;4;585;3680;3227;15,90;53;401;110;103;85;80;52;48;30;43;337;1449;46;86;1
4/8/21;3;664;4092;3480;16,23;46;474;115;116;84;71;63;48;27;43;352;1406;44;95;1
3/8/21;2;615;4153;3438;14,81;50;416;135;92;98;76;71;50;25;32;360;1374;42;94;1
2/8/21;1;391;2564;3493;15,25;43;253;65;66;55;44;49;31;25;17;374;1382;43;87;1
1/8/21;7;277;1921;1296;14,42;52;176;40;69;42;33;27;20;12;21;375;1434;43;92;1
31/7/21;6;474;3188;1817;14,87;56;340;74;93;62;56;42;38;31;53;345;1484;43;92;1
30/7/21;5;730;4319;4011;16,90;50;486;142;144;95;86;65;62;39;49;349;1440;40;88;1
29/7/21;4;759;4812;3864;15,77;56;503;129;158;113;96;76;54;22;71;359;1318;41;88;1
28/7/21;3;863;5398;4075;15,99;64;624;155;178;137;107;91;80;32;37;371;1286;37;94;1
27/7/21;2;893;5478;4486;16,30;52;616;150;178;124;116;93;68;38;72;378;1227;36;103;1
26/7/21;1;502;3111;4357;16,14;49;313;80;120;87;46;42;36;17;32;371;1337;35;90;1
25/7/21;7;393;2501;1469;15,71;46;233;52;100;66;45;36;34;15;17;371;1400;33;97;1
24/7/21;6;586;3908;2423;14,99;60;406;98;137;90;71;54;42;30;30;297;1370;28;89;1
23/7/21;5;931;4316;4566;21,57;55;621;167;208;153;119;69;67;29;35;297;1370;28;89;1
22/7/21;4;1016;5567;4204;18,25;56;664;147;262;165;111;95;65;48;52;297;1370;28;89;1
21/7/21;3;951;5464;4481;17,40;57;681;129;242;167;107;80;81;39;41;282;1231;26;95;1
20/7/21;2;1055;6163;4816;17,12;54;679;155;262;190;123;64;85;42;63;255;1361;26;93;1
19/7/21;1;762;4097;4896;18,60;50;490;106;197;128;85;68;65;28;24;228;1419;24;96;1
18/7/21;7;549;2800;1548;19,61;61;356;72;129;111;64;41;45;12;25;210;1600;23;109;1
17/7/21;6;701;4520;1831;15,51;67;514;72;188;124;87;64;47;34;25;150;1485;21;93;1
16/7/21;5;925;4397;3533;21,04;51;667;104;301;163;101;65;72;35;26;150;1485;21;93;1
15/7/21;4;989;5866;4594;16,86;55;640;106;334;177;100;78;56;31;37;150;1485;21;93;1
14/7/21;3;1018;5525;4867;18,43;55;769;119;341;167;121;71;69;21;26;118;1502;17;98;1
13/7/21;2;940;5635;4670;16,68;49;679;92;350;173;87;69;59;21;33;108;1431;17;90;1
12/7/21;1;633;3486;4349;18,16;51;431;66;208;128;51;51;39;21;19;94;1506;16;92;1
11/7/21;7;372;2201;1690;16,90;37;234;44;127;64;54;17;22;10;10;102;1613;15;108;1
10/7/21;6;598;3302;1927;18,11;56;461;57;267;105;63;41;31;17;10;75;1410;14;113;1
9/7/21;5;779;3677;3500;21,19;46;567;56;362;138;70;38;36;9;16;75;1410;14;113;1
8/7/21;4;730;4171;3566;17,50;52;515;34;373;126;46;39;34;14;24;79;1447;15;98;1
7/7/21;3;710;3777;3591;18,80;50;478;33;373;119;53;36;36;7;6;72;1421;15;107;1
6/7/21;2;628;3654;3502;17,19;45;466;25;378;84;37;20;28;12;6;78;1415;14;106;0
5/7/21;1;346;2604;2974;13,29;40;220;16;194;49;22;11;15;5;4;75;1410;14;113;0
4/7/21;7;156;1271;873;12,27;52;106;8;80;19;17;6;8;1;5;72;1542;13;102;0
3/7/21;6;233;1353;1039;17,22;58;171;19;129;21;9;16;12;4;3;75;1432;15;102;0
2/7/21;5;232;1798;1765;12,90;17;162;13;142;32;18;11;4;1;4;75;1432;15;102;0
1/7/21;4;225;2084;2149;10,80;43;160;9;110;42;24;7;8;4;3;75;1432;15;102;0
30/6/21;3;197;2342;2209;8,41;47;139;10;105;33;10;10;9;5;6;72;1447;14;115;0
29/6/21;2;151;2233;2083;6,76;44;88;22;35;23;29;18;5;4;3;72;1410;16;112;0
28/6/21;1;68;1843;2342;3,69;47;43;7;19;12;12;7;6;0;2;72;1516;17;112;0
27/6/21;7;28;776;836;3,61;43;24;0;9;4;4;2;1;1;1;75;1599;19;109;0
26/6/21;6;66;1003;964;6,58;52;50;7;18;7;8;8;5;4;3;74;1413;19;102;0
25/6/21;5;98;1851;1622;5,29;51;73;14;22;23;15;10;4;1;5;74;1413;19;102;0
24/6/21;4;70;1610;1632;4,35;45;87;1;12;18;9;11;9;5;1;74;1413;19;102;1
23/6/21;3;100;1874;1959;5,34;52;81;14;19;19;14;18;3;3;1;83;1315;19;115;1
22/6/21;2;117;2196;2102;5,33;56;88;20;25;11;25;19;5;4;3;81;1303;20;111;1
21/6/21;1;68;1752;2091;3,88;37;43;5;18;6;14;9;9;2;0;81;1362;22;112;1
20/6/21;7;25;820;796;3,05;29;19;2;2;4;6;7;1;0;1;97;1452;23;111;1
19/6/21;6;63;932;1073;6,76;48;49;15;10;11;11;8;5;0;1;103;1273;24;104;1
18/6/21;5;88;1784;1841;4,93;35;66;9;22;18;13;14;6;1;1;103;1273;24;104;1
17/6/21;4;90;1537;1614;5,86;56;69;10;18;19;12;15;8;1;0;103;1273;24;104;1
16/6/21;3;97;2269;2075;4,28;49;66;15;29;15;10;11;8;4;0;105;1273;28;99;1
15/6/21;2;88;2111;2002;4,17;58;69;19;14;12;13;16;6;2;2;106;1281;28;104;1
14/6/21;1;77;1759;2103;4,38;47;59;9;11;15;14;16;4;0;0;110;1284;29;105;1
13/6/21;7;26;1026;845;2,53;54;24;5;3;2;7;4;3;0;1;132;1450;32;100;1
12/6/21;6;70;959;1019;7,30;50;54;14;5;9;14;15;4;1;3;140;1302;37;96;1
11/6/21;5;80;2033;1785;3,94;42;63;12;8;12;19;13;8;4;1;140;1302;37;96;1
10/6/21;4;121;1999;1831;6,05;51;101;21;25;15;16;18;15;4;2;140;1302;37;96;1
9/6/21;3;103;2206;2251;4,67;46;85;16;18;17;14;21;6;4;1;161;1278;39;95;1
8/6/21;2;110;2456;2354;4,48;41;86;14;20;14;27;21;9;1;1;155;1308;39;95;1
7/6/21;1;78;1930;2421;4,04;36;59;7;10;19;16;13;5;2;0;166;1363;40;100;1
6/6/21;7;21;796;813;2,64;43;15;2;3;5;3;5;0;0;1;184;1485;42;99;1
5/6/21;6;104;1624;1188;6,40;52;73;9;9;19;18;21;11;4;9;180;1284;46;91;1
4/6/21;5;140;2331;2396;6,01;59;113;24;22;26;19;26;7;5;6;180;1284;46;91;1
3/6/21;4;151;2207;2161;6,84;54;115;29;20;23;24;24;17;7;0;180;1284;46;91;1
2/6/21;3;157;2531;2442;6,20;46;120;33;21;24;23;27;12;3;4;190;1251;47;99;1
1/6/21;2;151;2693;2686;5,61;45;123;22;19;20;26;25;16;5;6;205;1236;46;90;1
31/5/21;1;133;2290;2729;5,81;50;97;17;20;18;25;28;10;5;3;217;1293;48;88;1
30/5/21;7;50;935;767;5,35;38;41;7;7;4;11;9;5;2;2;229;1429;51;93;1
29/5/21;6;106;1879;1155;5,64;55;76;25;18;11;16;18;10;6;1;215;1298;51;84;1
28/5/21;5;172;2660;2062;6,47;44;137;29;30;19;30;28;20;4;4;215;1298;51;84;1
27/5/21;4;145;2636;2260;5,50;56;113;25;31;14;18;26;21;3;4;215;1298;51;84;1
26/5/21;3;151;2505;2592;6,03;37;114;31;22;14;25;30;11;9;5;218;1310;56;83;1
25/5/21;2;165;2931;2581;5,63;41;136;23;32;23;29;25;23;4;2;222;1347;58;84;1
24/5/21;1;126;2279;3006;5,53;49;102;19;20;6;22;24;15;7;7;247;1373;57;88;1
23/5/21;7;70;1021;913;6,86;31;62;7;11;7;14;15;11;3;1;251;1515;57;92;1
22/5/21;6;136;1864;1242;7,30;53;121;20;16;22;23;25;17;3;4;235;1598;57;81;1
21/5/21;5;197;2448;2491;8,05;52;165;36;28;30;28;29;28;8;7;227;1504;60;84;1
20/5/21;4;235;2662;2358;8,83;56;199;50;27;27;32;51;13;11;12;248;1297;59;85;1
19/5/21;3;245;3005;2708;8,15;43;206;33;26;31;39;56;21;13;15;269;1177;62;79;1
18/5/21;2;260;2942;2887;8,84;51;223;45;30;33;41;42;30;12;18;285;1218;65;77;1
17/5/21;1;131;2414;3088;5,43;48;98;12;13;15;23;28;14;9;8;297;1305;63;76;1
16/5/21;7;61;1158;1074;5,27;52;53;8;8;10;5;15;6;2;4;304;1452;63;86;1
15/5/21;6;148;2108;1257;7,02;52;131;32;15;14;24;25;16;8;10;291;1504;60;82;1
14/5/21;5;196;2801;2650;7,00;44;150;38;25;28;34;33;20;6;8;285;1452;64;80;1
13/5/21;4;233;2809;2439;8,29;45;186;33;26;27;45;44;28;13;11;313;1217;62;82;1
12/5/21;3;234;2955;2670;7,92;46;196;31;44;27;31;40;23;16;14;321;1199;63;75;1
11/5/21;2;229;3072;2848;7,45;43;190;37;27;28;35;34;25;20;11;356;1191;70;75;1
10/5/21;1;154;2558;3339;6,02;43;116;14;16;19;28;30;26;12;3;371;1247;75;71;1
9/5/21;7;85;1496;1224;5,68;49;62;12;3;12;16;13;13;10;1;383;1447;74;81;1
8/5/21;6;164;1996;1217;8,22;55;144;29;25;12;27;28;21;11;4;366;1536;76;78;1
7/5/21;5;276;3135;2969;8,80;48;239;40;45;25;32;54;35;21;9;358;1440;75;78;1
6/5/21;4;257;3093;2641;8,31;48;218;39;33;38;31;33;35;20;16;378;1259;74;73;1
5/5/21;3;334;3634;3070;9,19;48;296;65;46;39;40;58;37;22;14;382;1213;73;76;1
4/5/21;2;370;4377;3218;8,45;51;302;52;60;44;47;67;54;24;13;368;1207;72;74;1
3/5/21;1;195;2361;3240;8,26;39;157;17;27;17;32;37;27;11;10;373;1295;69;81;1
2/5/21;7;159;1582;1207;10,05;64;150;13;18;15;21;28;21;15;12;388;1419;65;91;1
1/5/21;6;208;2420;1219;8,60;54;183;29;23;18;36;39;27;16;13;380;1482;62;87;1
30/4/21;5;414;3443;3221;12,02;52;343;63;71;52;48;73;45;28;22;360;1407;61;87;1
29/4/21;4;379;3133;2125;12,10;47;294;60;60;48;48;68;45;28;22;368;1221;62;85;1
28/4/21;3;372;3732;3099;9,97;17;320;48;52;37;60;61;44;26;16;365;1178;63;90;1
27/4/21;2;362;3529;3284;10,26;23;295;53;35;36;58;57;49;28;27;379;1176;64;86;1
26/4/21;1;297;2759;3510;10,76;54;233;32;45;37;41;56;37;23;11;391;1254;61;95;1
25/4/21;7;133;1433;1051;9,28;50;113;19;20;23;17;24;11;5;6;399;1481;63;101;1
24/4/21;6;152;1599;1624;9,51;54;120;14;18;22;26;28;9;15;10;388;1530;59;93;1
23/4/21;5;245;2456;963;9,98;55;205;29;30;34;41;38;36;14;19;378;1549;58;92;1
22/4/21;4;311;2884;2718;10,78;44;223;47;50;42;46;41;31;19;20;368;1448;58;92;1
21/4/21;3;329;3107;2619;10,59;46;260;44;50;35;46;46;48;23;21;384;1200;59;89;1
20/4/21;2;345;3241;3008;10,64;54;265;44;42;38;39;63;47;26;25;370;1185;58;90;1
19/4/21;1;194;2458;3303;7,89;43;135;14;22;19;39;25;22;27;11;377;1204;58;91;1
18/4/21;7;116;1383;1030;8,39;45;103;11;21;14;10;17;14;12;7;391;1414;59;106;1
17/4/21;6;244;2368;1445;10,30;59;227;36;28;23;29;39;32;31;19;361;1450;55;93;1
16/4/21;5;334;2950;2939;11,32;44;276;44;51;44;51;54;35;26;25;343;1391;53;94;1
15/4/21;4;291;2699;2548;10,78;43;262;30;35;38;33;48;36;34;25;339;1239;53;89;1
14/4/21;3;270;3245;2904;8,32;50;215;45;31;32;40;34;35;21;19;353;1219;49;94;1
13/4/21;2;339;3122;2886;10,86;42;280;45;43;40;45;48;60;26;22;339;1219;48;90;1
12/4/21;1;194;2099;2965;9,24;47;131;18;24;26;28;29;29;18;10;334;1248;46;91;1
11/4/21;7;114;1230;1003;9,27;50;100;10;14;13;11;24;16;9;15;319;1395;47;100;1
10/4/21;6;235;2216;1229;10,60;56;199;39;33;26;31;35;30;16;17;295;1505;43;95;1
9/4/21;5;239;2734;2924;8,74;49;197;30;38;27;29;48;30;14;17;283;1424;42;94;1
8/4/21;4;328;2724;2505;12,04;47;265;47;54;42;39;51;36;28;22;300;1249;40;89;1
7/4/21;3;323;2883;2663;11,20;49;263;33;58;42;40;48;42;24;25;307;1192;42;94;1
6/4/21;2;376;3022;2820;12,44;39;328;42;49;41;46;78;51;37;25;298;1221;44;92;1
5/4/21;1;227;2157;2859;10,52;37;195;13;27;22;38;44;29;26;15;309;1297;48;91;1
4/4/21;7;123;1132;935;10,87;41;98;11;11;14;17;22;19;15;9;325;1506;51;103;1
3/4/21;6;146;1460;1687;10,;42;119;11;20;19;23;27;15;11;10;310;1582;51;100;1
2/4/21;5;88;863;446;10,20;42;76;11;9;6;9;21;7;7;9;294;1658;50;97;1
1/4/21;4;162;1620;786;10,;44;131;34;23;15;28;19;21;20;5;286;1653;50;101;1
31/3/21;3;198;2882;2937;6,87;44;156;16;33;23;36;36;16;19;16;277;1647;49;104;1
30/3/21;2;225;2286;2038;9,84;46;190;30;24;31;28;44;30;13;19;282;1407;51;100;1
29/3/21;1;138;1729;2304;7,98;41;98;16;21;12;21;21;15;15;10;268;1386;52;91;1
28/3/21;7;82;994;808;8,25;34;67;9;14;8;8;15;10;9;5;263;1499;55;91;1
27/3/21;6;108;1422;2818;7,59;17;96;7;14;10;18;19;13;6;12;252;1512;54;83;1
26/3/21;5;148;2229;2074;6,64;35;130;15;15;16;29;25;17;16;7;244;1452;53;79;1
25/3/21;4;161;2037;2074;7,90;43;136;18;14;22;31;16;19;20;13;271;1261;55;82;1
24/3/21;3;176;2437;2346;7,22;40;148;25;15;22;28;26;27;14;13;269;1236;53;84;1
23/3/21;2;149;2368;2347;6,29;39;126;19;17;15;25;21;17;14;16;276;1361;50;91;1
22/3/21;1;106;2040;2679;5,20;36;81;12;13;11;14;19;15;8;6;270;1334;50;91;1
21/3/21;7;41;844;837;4,86;29;35;3;2;6;10;6;5;1;4;252;1508;50;93;1
20/3/21;6;108;1762;1223;6,13;58;94;19;18;10;21;8;4;11;12;251;1610;48;91;1
19/3/21;5;166;2256;2387;7,36;46;142;25;18;19;22;26;18;15;18;243;1588;48;88;1
18/3/21;4;219;2114;2098;10,36;41;190;24;25;32;32;36;18;14;31;206;1374;49;87;1
17/3/21;3;111;2409;2448;4,61;48;96;8;13;16;16;12;21;10;10;249;1362;50;80;1
16/3/21;2;145;2305;2424;6,29;45;127;16;17;17;20;25;20;12;13;262;1342;51;87;1
15/3/21;1;108;2226;3000;4,85;46;76;9;13;11;13;15;13;15;14;279;1403;54;91;1
14/3/21;7;45;919;839;4,90;40;36;4;2;5;3;11;4;6;4;286;1571;55;96;1
13/3/21;6;104;1626;900;6,40;38;87;14;8;11;10;18;9;11;19;276;1575;56;86;1
12/3/21;5;126;2165;2424;5,82;41;106;17;9;17;24;20;10;10;13;265;1501;54;86;1
11/3/21;4;154;2070;2040;7,44;42;116;19;12;14;27;24;22;10;23;286;1358;59;86;1
10/3/21;3;145;2158;2336;6,72;46;108;13;24;8;13;24;21;19;12;287;1289;57;91;1
9/3/21;2;171;2628;2577;6,51;42;140;26;15;18;24;27;24;10;21;301;1264;61;75;1
8/3/21;1;107;2021;2648;5,29;45;67;16;11;14;19;13;9;9;10;310;1326;64;86;1
7/3/21;7;41;822;838;4,99;35;33;2;4;3;8;5;14;2;2;329;1498;65;88;1
6/3/21;6;100;1357;1270;7,37;53;69;10;7;15;15;14;15;7;12;316;1525;67;78;1
5/3/21;5;140;1919;1409;7,30;45;100;18;19;11;16;23;20;11;16;322;1527;69;77;1
4/3/21;4;168;1990;2263;8,44;40;128;27;26;16;24;23;18;13;14;312;1396;69;79;1
3/3/21;3;172;2189;2163;7,86;50;136;33;22;19;34;22;11;9;16;323;1264;73;79;1
2/3/21;2;224;2806;2669;7,98;46;167;34;23;24;46;32;27;12;17;339;1311;73;75;1
1/3/21;1;141;2017;2825;6,99;41;98;21;7;13;19;36;14;13;7;367;1348;76;82;1
28/2/21;7;64;1087;888;5,89;41;51;9;10;3;10;8;9;10;2;372;1513;74;84;1
27/2/21;6;130;1692;1058;7,68;44;107;22;23;12;20;14;11;8;9;364;1578;75;74;1
26/2/21;5;187;2400;2658;7,79;43;141;25;16;17;20;38;26;15;25;356;1515;73;73;1
25/2/21;4;203;2338;2435;8,68;48;134;33;20;19;31;28;28;22;16;381;1252;75;73;1
24/2/21;3;185;2607;2663;7,10;36;147;17;23;18;33;26;25;15;22;405;1209;78;72;1
23/2/21;2;211;2835;2904;7,44;49;149;29;24;14;39;31;32;16;20;423;1243;77;70;1
22/2/21;1;179;2476;3347;7,23;55;117;26;8;15;34;26;22;23;17;446;1290;79;62;1
21/2/21;7;101;1012;927;9,98;55;71;8;6;10;21;16;11;9;12;475;1454;86;68;2
20/2/21;6;161;1953;1217;8,24;49;136;23;14;13;25;27;22;16;17;458;1515;83;67;1
19/2/21;5;246;2546;2880;9,66;39;200;32;31;17;33;48;33;24;19;457;1482;83;71;1
18/2/21;4;200;2797;2877;7,15;46;140;27;28;18;24;27;33;22;16;503;1322;80;69;1
17/2/21;3;253;3148;2886;8,04;51;194;35;28;28;41;44;31;21;17;532;1263;79;73;2
16/2/21;2;271;3221;3390;8,41;45;215;33;35;35;40;39;28;19;34;570;1269;83;69;2
15/2/21;1;215;2721;3556;7,90;49;135;27;22;21;32;31;22;18;33;622;1308;86;64;2
14/2/21;7;99;1259;877;7,86;48;69;12;11;13;18;12;11;5;10;669;1399;89;75;2
13/2/21;6;243;2388;1391;10,18;43;199;42;19;25;38;42;31;22;22;647;1412;89;67;2
12/2/21;5;302;3288;3916;9,18;40;226;32;34;31;37;46;29;34;47;652;1357;90;67;2
11/2/21;4;345;3256;3159;10,60;49;242;56;36;41;47;59;43;24;31;686;1237;89;70;2
10/2/21;3;409;3969;3796;10,30;49;297;68;47;36;52;65;49;30;53;704;1183;90;71;2
9/2/21;2;491;4231;4120;11,60;52;373;64;47;42;72;98;59;37;61;741;1164;92;66;2
8/2/21;1;279;3101;4336;9,00;48;167;25;25;28;44;45;37;25;42;728;1215;88;66;2
7/2/21;7;202;1808;1183;11,17;49;113;19;14;16;32;37;31;21;25;758;1323;92;67;2
6/2/21;6;312;2796;1693;11,16;52;242;42;39;25;47;49;47;20;37;727;1408;93;61;2
5/2/21;5;584;4828;4128;12,10;50;418;77;66;46;78;80;87;53;80;693;1324;87;64;2
4/2/21;4;588;4588;4099;12,82;53;430;86;67;52;81;96;81;55;60;736;1215;86;67;2
3/2/21;3;597;4835;4514;12,35;47;432;80;58;63;79;105;74;59;58;745;1145;88;69;2
2/2/21;2;709;4775;4392;14,85;50;478;105;68;73;98;112;93;67;83;759;1123;90;65;2
1/2/21;1;418;3723;5019;11,23;44;272;53;36;49;52;76;61;36;35;788;1129;94;65;2
31/1/21;7;270;1874;1388;14,41;52;167;30;21;24;39;47;31;25;36;781;1275;90;75;2
30/1/21;6;451;3422;2354;13,18;57;290;80;43;46;59;54;56;42;56;769;1385;90;63;2
29/1/21;5;699;4660;3280;15,00;54;456;115;91;66;79;112;91;53;66;753;1401;89;58;2
28/1/21;4;707;4952;4419;14,28;48;495;92;66;66;104;104;80;76;95;736;1259;87;53;2
27/1/21;3;895;5425;5319;16,50;52;566;101;84;79;140;164;120;61;100;746;1159;85;57;2
26/1/21;2;869;4998;4774;17,39;51;611;97;81;102;129;134;133;72;93;767;1140;78;72;2
25/1/21;1;554;3610;5100;15,35;43;354;58;36;63;72;91;85;51;74;774;1160;78;73;2
24/1/21;7;511;2445;1870;20,90;55;281;60;34;46;67;74;73;44;93;784;1298;80;80;2
23/1/21;6;640;3537;2573;18,09;41;521;70;74;62;73;109;105;54;73;737;1351;80;77;2
22/1/21;5;891;4637;3992;19,22;44;598;117;95;108;117;141;133;69;80;692;1315;77;77;2
21/1/21;4;771;4460;4102;17,29;48;513;88;82;87;102;115;107;56;92;674;1189;77;76;2
20/1/21;3;783;4794;4885;16,33;46;562;89;95;80;103;124;108;71;87;647;1170;70;78;2
19/1/21;2;833;4679;4324;17,8;49;566;95;85;89;119;146;109;72;87;641;1024;67;75;2
18/1/21;1;558;3324;4004;16,79;42;359;48;59;60;83;100;80;44;60;641;1139;62;84;2
17/1/21;7;409;2577;1524;15,87;56;243;40;43;41;61;57;62;46;40;603;1313;62;93;2
16/1/21;6;712;3586;2339;19,85;62;541;76;87;77;90;102;106;67;73;554;1415;56;90;2
15/1/21;5;912;4657;4086;19,58;46;611;95;123;97;135;133;125;60;121;532;1380;55;89;2
14/1/21;4;838;3765;3447;22,26;50;606;65;86;94;99;125;119;71;146;519;1235;56;92;2
13/1/21;3;907;4399;3812;20,62;47;657;90;107;102;119;152;122;81;113;497;1245;56;92;2
12/1/21;2;692;3856;3478;17,95;47;457;65;92;82;80;115;86;58;78;468;1251;51;102;2
11/1/21;1;438;2237;3277;19,58;37;269;34;63;52;61;77;59;28;49;477;1353;49;98;2
10/1/21;7;284;1749;904;16,24;52;194;22;42;43;30;33;32;18;40;469;1553;47;107;2
9/1/21;6;463;2703;1482;17,13;55;367;57;58;58;44;88;55;36;37;437;1688;47;110;2
8/1/21;5;684;3836;3735;17,81;49;488;63;94;76;101;106;107;50;72;417;1705;48;108;2
7/1/21;4;447;2615;3333;17,09;53;262;32;64;56;61;71;58;34;49;445;1522;48;104;2
6/1/21;3;408;2241;1112;18,21;53;290;29;59;67;64;59;55;27;36;420;1492;48;113;2
5/1/21;2;570;2273;2198,5;25,08;49;405;37;77;90;90;84;78;38;75;409;1489;47;113;2
4/1/21;1;316;2305;3285;13,71;45;207;16;35;44;46;44;41;20;56;399;1487;46;114;1
3/1/21;7;234;1405;1021;16,65;49;171;30;26;25;31;36;29;22;16;388;1623;48;105;1
2/1/21;6;211;1432;1722;14,73;50;125;14;33;26;29;36;20;14;28;354;1793;46;105;1
1/1/21;5;153;1179;860;12,98;37;121;7;9;17;17;35;25;14;25;343;1876;47;96;1
31/12/20;4;373;2194;1864;17;43;296;30;36;43;47;63;59;29;64;328;1859;46;102;1
30/12/20;3;470;3208;2868;14,65;49;372;42;50;54;60;68;72;33;80;312;1841;44;107;1
29/12/20;2;425;2745;2940;15,48;41;320;48;44;50;78;61;60;37;35;334;1640;42;104;1
28/12/20;1;271;2131;2803;12,72;50;175;28;29;34;38;40;38;26;24;352;635;44;105;1
27/12/20;7;144;1186;907;12,14;49;109;14;11;17;22;20;11;19;23;350;1806;49;104;1
26/12/20;6;103;1156;1308;8,91;44;55;7;15;15;13;15;12;11;10;330;1854;48;101;1
25/12/20;5;145;1025;2935;14,15;59;124;16;18;9;25;25;13;17;20;327;1884;50;102;1
24/12/20;4;359;1965;2284;18,27;49;272;43;27;20;19;25;9;9;46;324;1873;49;102;1
23/12/20;3;144;2904;1633;4,96;38;113;12;16;20;22;24;14;14;14;321;1862;46;101;1
22/12/20;2;211;2675;2935;7,89;41;159;21;24;24;32;30;30;16;31;358;1611;46;95;1
21/12/20;1;177;2151;3043;8,23;47;118;20;24;13;29;28;18;14;24;367;1506;47;101;1
20/12/20;7;98;1083;802;9,05;47;55;10;9;10;3;25;12;11;18;389;1582;54;101;1
19/12/20;6;163;1908;1252;8,54;54;150;19;12;15;20;25;19;10;40;374;1590;52;93;1
18/12/20;5;247;2615;2762;9,45;44;190;24;22;26;29;37;29;25;46;374;1481;52;96;1
17/12/20;4;178;2313;2673;7,70;47;133;25;13;24;20;35;14;16;27;384;1314;52;93;1
16/12/20;3;219;2514;2714;8,71;48;171;18;16;27;17;36;36;20;42;386;1278;53;89;1
15/12/20;2;267;2911;2927;9,17;49;201;17;24;34;24;38;39;30;50;418;1233;57;89;1
14/12/20;1;196;2139;;9,16;53;123;18;22;23;19;33;29;13;25;427;1290;60;85;1
13/12/20;7;146;1567;;9,32;51;127;9;10;20;18;18;16;9;42;422;1460;60;90;1
12/12/20;6;189;1880;1258;10,05;72;149;27;18;17;27;31;24;14;28;420;1545;63;78;1
11/12/20;5;288;3316;3681;8,69;43;195;27;23;39;50;36;33;19;57;417;1512;62;75;1
10/12/20;4;314;3356;3107;9,36;48;225;21;41;33;36;51;46;30;47;646;1349;71;69;1
9/12/20;3;188;2593;3306;7,25;56;124;12;14;20;16;34;29;10;47;486;1339;73;70;1
8/12/20;2;109;1297;1186;8,40;60;62;11;7;10;13;23;17;9;17;499;1495;76;82;1
7/12/20;1;125;1148;1327;10,89;52;81;7;13;12;16;24;13;7;24;491;1620;79;70;1
6/12/20;7;124;1070;791;11,59;54;91;3;6;12;12;20;18;13;34;484;1665;82;67;1
5/12/20;6;174;1647;1261;10,56;61;134;19;22;19;17;33;25;9;25;475;1653;80;69;1
4/12/20;5;217;2477;2850;8,76;42;153;24;18;25;31;39;32;11;32;474;1589;81;63;1
3/12/20;4;253;2742;2653;9,23;59;161;26;27;32;38;36;40;23;19;522;1356;89;58;1
2/12/20;3;297;3297;2974;9,01;54;216;29;20;26;48;46;38;29;49;541;1311;94;60;1
1/12/20;2;363;3398;3349;10,68;56;247;39;30;36;49;47;59;21;74;547;1280;92;70;1
30/11/20;1;224;2616;3566;8,56;42;139;15;21;24;32;39;37;13;39;569;1346;95;68;2
29/11/20;7;163;1307;1000;12,47;50;86;16;19;17;29;28;13;10;21;591;1512;98;75;2
28/11/20;6;303;2285;1303;13,26;73;264;35;30;35;24;46;34;8;72;566;1581;96;66;2
27/11/20;5;318;3258;3451;9,76;56;221;37;27;33;40;44;29;24;73;556;1560;95;69;2
26/11/20;4;346;3141;3198;11,02;56;206;29;33;30;41;66;32;23;82;571;1420;98;66;2
25/11/20;3;321;3282;3505;9,78;46;242;41;22;36;40;56;37;22;53;584;1370;98;62;2
24/11/20;2;329;3543;3527;9,29;52;235;49;32;38;51;52;35;24;40;623;1369;98;68;2
23/11/20;1;246;2603;3927;9,45;54;139;21;21;35;28;35;36;18;43;680;1384;101;65;2
22/11/20;7;151;1321;821;11,43;45;106;13;14;18;18;20;16;12;32;709;1522;110;60;2
21/11/20;6;268;2330;1735;11,50;54;200;26;20;32;37;51;37;28;28;701;1572;109;50;2
20/11/20;5;388;3370;3503;11,51;55;250;53;45;41;67;43;48;27;44;691;1888;109;56;2
19/11/20;4;408;3460;3741;11,79;53;292;55;45;45;46;69;57;38;47;765;1307;118;50;2
18/11/20;3;542;3985;3862;13,60;47;323;63;45;60;70;74;62;52;101;803;1224;122;50;2
17/11/20;2;463;3950;4152;11,72;46;333;42;47;44;86;85;62;34;47;875;1236;115;52;2
16/11/20;1;378;3524;4521;10,73;54;227;33;32;36;52;56;54;28;66;910;1211;117;59;2
15/11/20;7;277;2002;1098;13,84;59;181;18;23;34;36;37;38;24;61;949;1326;116;62;2
14/11/20;6;348;2679;1906;12,99;59;250;38;39;39;41;53;48;27;50;917;1429;112;62;2
13/11/20;5;589;4639;4614;12,70;45;387;71;62;60;80;98;75;45;79;918;1384;114;67;2
12/11/20;4;640;4320;4300;14,81;53;430;79;68;54;76;110;85;55;92;969;1143;116;63;2
11/11/20;3;725;4970;5006;14,59;49;492;76;66;75;97;125;103;50;95;1009;1087;122;52;2
10/11/20;2;843;5418;5639;15,56;47;611;93;81;107;104;125;114;60;120;998;1066;121;45;2
9/11/20;1;646;4406;4951;14,66;49;412;70;52;83;79;97;81;59;88;1024;1055;119;59;2
8/11/20;7;393;2443;1303;16,09;55;269;36;35;50;53;61;55;38;48;1032;1180;116;66;2
7/11/20;6;767;3711;2450;20,56;58;545;56;71;96;96;85;79;60;200;1004;1249;119;47;2
6/11/20;5;1032;6171;5381;16,72;51;661;111;107;119;131;172;140;75;124;952;1239;116;48;2
5/11/20;4;990;5573;5237;17,76;51;636;97;103;112;126;160;121;79;127;996;1074;114;49;1
4/11/20;3;1050;5534;6451;18,97;52;765;100;112;108;133;193;147;73;105;1037;1029;112;48;1
3/11/20;2;814;4821;5551;16,88;48;524;73;78;99;118;132;116;54;68;1038;1026;110;56;1
2/11/20;1;637;3171;1715;20,09;62;495;63;51;65;71;95;78;64;126;1017;1168;106;62;1
1/11/20;7;713;3581;1456;19,91;67;437;61;71;70;92;99;84;60;141;970;1285;107;59;1
31/10/20;6;1046;4644;2981;22,52;30;689;111;103;130;128;163;156;78;137;950;1302;107;56;1
30/10/20;5;1264;7107;5924;17,79;42;898;112;145;138;179;172;171;103;168;888;1240;102;56;1
29/10/20;4;1253;7096;5958;17,66;53;809;145;138;120;146;184;137;109;182;880;1037;98;47;1
28/10/20;3;1171;7150;5773;16,38;52;779;115;144;133;178;197;148;96;102;857;1090;97;46;1
27/10/20;2;1210;6969;6466;17,36;55;815;117;119;140;185;195;167;79;110;827;1064;92;49;1
26/10/20;1;1041;5677;5616;18,34;52;749;101;107;128;122;195;147;81;112;798;1083;87;55;1
25/10/20;7;769;4059;1459;18,95;48;419;68;85;74;98;106;107;57;142;744;1186;83;55;1
24/10/20;6;1090;5198;1305;20,97;66;791;133;143;151;148;157;138;80;104;683;1348;81;39;1
23/10/20;5;1345;7357;6260;18,28;53;968;147;159;164;173;219;176;102;144;637;1323;83;38;1
22/10/20;4;1203;5637;5218;21,34;55;803;124;194;148;160;192;156;63;104;639;1127;83;36;1
21/10/20;3;1078;5155;5058;20,91;64;659;95;142;114;158;175;141;79;128;548;1123;80;41;1
20/10/20;2;898;5157;5174;17,41;41;600;76;129;96;129;157;116;73;83;594;1156;76;41;0
19/10/20;1;740;3088;4743;23,96;56;495;68;106;82;106;127;102;49;75;580;1099;74;44;0
18/10/20;7;496;2421;1179;20,49;59;291;46;70;59;64;85;71;32;59;578;1263;74;52;0
17/10/20;6;589;2777;2312;21,21;42;379;48;90;75;85;102;67;43;61;544;1398;73;34;0
16/10/20;5;681;3428;4633;19,87;49;450;57;110;97;87;120;81;59;58;526;1407;66;36;0
15/10/20;4;653;3249;3077;20,10;35;430;74;93;80;103;116;79;49;49;524;1222;67;32;0
14/10/20;3;592;3465;3835;17,09;38;358;81;88;60;83;103;73;49;49;502;1223;66;46;0
13/10/20;2;266;2022;3368;13,16;36;150;17;30;36;45;48;37;23;26;492;1276;66;55;0
12/10/20;1;357;1942;1011;18,38;34;277;35;48;38;65;53;57;28;31;455;1492;65;58;0
11/10/20;7;401;2618;1856;15,32;49;268;34;53;56;54;71;59;32;31;431;1475;70;50;0
10/10/20;6;407;2528;1434;16,10;52;241;43;58;53;43;85;40;33;46;410;1488;65;54;0
9/10/20;5;590;4120;3690;14,32;39;391;52;91;81;82;93;85;49;51;412;1432;65;53;0
8/10/20;4;479;3685;3205;13,00;49;304;43;64;61;56;74;48;34;93;432;1181;65;51;0
7/10/20;3;453;3396;3321;13,34;40;322;38;67;53;57;59;60;26;85;432;1212;61;59;0
6/10/20;2;409;3601;3534;11,36;38;292;48;55;50;54;61;58;34;40;422;1241;60;65;0
5/10/20;1;287;2570;3291;11,17;39;185;29;41;30;47;49;32;22;26;422;1281;62;60;0
4/10/20;7;322;2579;1196;12,49;45;272;24;65;40;38;53;43;20;35;452;1450;64;62;0
3/10/20;6;317;3107;1475;10,20;49;232;36;55;39;42;49;42;21;29;425;1564;62;54;0
2/10/20;5;433;3961;3617;10,93;47;298;53;66;49;58;67;47;35;52;411;1509;59;50;0
1/10/20;4;368;3392;3162;10,85;45;290;43;47;51;52;64;33;28;45;424;1357;60;57;0
30/9/20;3;282;3250;3224;8,68;48;204;35;50;23;46;51;31;17;27;433;1295;63;48;0
29/9/20;2;320;3624;3653;8,83;44;231;63;48;39;48;52;33;13;24;421;1299;62;52;0
28/9/20;1;241;2726;3332;8,84;51;150;28;24;34;33;31;33;19;31;463;1289;63;64;0
27/9/20;7;395;3071;1329;12,86;53;310;48;59;45;44;56;29;31;68;484;1436;66;67;0
26/9/20;6;305;3351;1630;9,10;54;227;40;38;34;36;42;45;30;35;470;1378;65;63;0
25/9/20;5;425;4980;3941;8,53;48;331;56;54;58;65;63;52;30;39;450;1362;65;57;0
24/9/20;4;448;4491;3720;9,98;45;347;61;62;65;66;69;53;20;48;466;1229;62;60;0
23/9/20;3;251;3012;3528;8,33;39;143;51;32;32;33;32;27;21;21;476;1229;61;58;0
22/9/20;2;263;3313;4114;7,94;51;156;31;26;34;40;45;29;22;33;493;1260;62;55;0
21/9/20;1;317;2911;3429;10,89;44;237;34;29;30;36;55;43;27;59;505;1291;63;55;0
20/9/20;7;271;2619;1447;10,35;37;199;38;35;30;47;37;32;25;22;489;1421;64;63;0
19/9/20;6;434;4163;2266;10,43;69;318;92;46;52;56;59;42;35;44;470;1545;60;58;0
18/9/20;5;456;4309;4058;10,58;68;331;59;62;50;80;63;47;43;48;459;1487;62;57;0
17/9/20;4;428;3878;4123;11,04;51;327;56;47;46;53;57;58;35;70;476;1339;62;58;0
16/9/20;3;330;3236;3908;10,20;41;227;46;43;46;33;50;48;30;25;469;1299;62;53;0
15/9/20;2;298;2838;3343;10,50;49;210;34;21;38;50;39;50;22;35;473;1274;62;55;0
14/9/20;1;226;2113;3343;10,70;49;153;27;27;15;28;39;29;32;26;483;1266;60;65;0
13/9/20;7;421;2518;907;16,72;50;349;56;52;42;64;75;52;31;40;467;1500;58;71;0
12/9/20;6;353;2450;1395;14,41;79;291;56;44;42;43;46;48;29;43;461;1550;60;64;0
11/9/20;5;491;3805;3675;12,90;69;367;62;58;50;82;86;44;37;70;450;1589;60;62;0
10/9/20;4;378;3173;2843;11,91;47;300;43;42;45;52;61;51;28;52;462;1440;60;63;0
9/9/20;3;375;2968;2975;12,63;50;282;44;32;40;47;68;52;38;48;476;1412;66;58;0
8/9/20;2;290;2510;2943;11,55;58;154;25;23;18;29;45;39;24;84;487;1374;68;55;0
7/9/20;1;217;1923;2579;11,28;49;151;18;27;24;26;34;25;17;39;484;1394;67;58;0
6/9/20;7;242;1660;1410;14,58;38;210;24;19;25;30;41;50;17;30;485;1533;66;62;0
5/9/20;6;423;3233;1234;13,08;77;358;51;56;47;58;61;45;30;71;458;1608;65;57;0
4/9/20;5;248;2413;2762;10,28;71;178;30;28;37;28;36;43;19;25;442;1622;66;60;0
3/9/20;4;354;3133;2644;11,30;53;271;44;35;33;29;60;45;38;56;466;1441;67;53;0
2/9/20;3;241;2259;2526;10,67;56;161;13;26;30;36;36;30;13;48;479;1428;66;56;0
1/9/20;2;229;2587;2784;8,85;49;179;30;20;28;26;37;36;12;28;495;1479;67;58;0
31/8/20;1;275;2414;2249;11,39;57;211;29;41;37;37;42;34;28;21;513;1466;67;61;0
30/8/20;7;197;1895;567;10,40;61;154;18;20;26;20;27;29;24;28;524;1505;69;46;0
29/8/20;6;277;2732;1620;10,14;71;195;31;33;31;44;34;44;19;37;508;1571;67;53;0
28/8/20;5;331;3417;2588;9,69;63;257;42;29;49;50;51;44;30;34;497;1567;66;52;0
27/8/20;4;193;2250;2055;8,58;56;145;26;24;27;20;27;26;18;22;513;1446;62;54;0
26/8/20;3;296;2830;2417;10,46;56;234;30;40;40;38;43;41;30;26;516;1453;63;56;0
25/8/20;2;325;3102;3564;10,48;52;265;45;38;43;40;47;56;22;27;524;1433;65;54;0
24/8/20;1;164;1651;2506;9,93;65;93;4;17;18;20;22;18;15;48;525;1466;68;39;0
23/8/20;7;230;1997;617;11,52;60;191;21;28;25;36;34;31;23;28;537;1553;64;51;0
22/8/20;6;493;4546;1392;10,84;63;412;58;59;47;68;70;65;45;56;537;1583;61;53;0
21/8/20;5;272;2796;2821;9,73;65;217;41;29;44;29;29;31;23;43;541;1583;61;54;0
20/8/20;4;357;3191;3219;11,19;58;280;46;42;58;42;53;42;25;37;541;1464;60;51;0
19/8/20;3;347;3027;2963;11,46;55;262;46;42;58;42;53;42;25;37;538;1467;62;50;0
18/8/20;2;467;4029;3580;11,59;58;394;49;50;72;72;76;65;39;40;538;1513;64;51;0
17/8/20;1;396;3408;3189;11,62;59;307;51;41;40;62;61;54;37;47;551;1439;62;50;0
16/8/20;7;390;3158;1168;12,35;59;338;53;54;38;70;51;52;41;29;549;1518;62;53;0
15/8/20;6;482;3243;1907;14,86;45;428;67;51;64;83;67;57;33;56;527;1606;60;73;0
14/8/20;5;624;4177;3481;14,94;51;541;96;78;85;84;85;87;48;53;514;1601;59;72;0
